AV1051|JBL Bluetooth Speaker|89.95|Audio Video
AV1312|Mini 1000 Lumens Projector|149.95|Audio Video
GM1148|Retro Handheld Arcade|24.45|Games
PW1001|Solar Powered Battery Charger|19.99|Electronics
AV2044|4K Ultra HD Blu-ray Player|129.00|Audio Video
AV3055|Noise Cancelling Headphones|199.99|Audio Video
GM2210|Wireless Gaming Controller|45.50|Games
PW1088|Universal Travel Adapter|15.95|Electronics
AV4412|Smart Soundbar with Subwoofer|250.00|Audio Video
GM3390|Mechanical Gaming Keyboard|79.99|Games
PW2022|Portable Power Bank 20000mAh|34.95|Electronics
AV5511|Digital Voice Recorder|59.00|Audio Video
AV6677|Home Theater Receiver 7.2 Ch|399.95|Audio Video
GM4421|Virtual Reality Headset|299.00|Games
PW3033|Fast Charging USB-C Hub|29.99|Electronics
AV7788|Wireless Lapel Microphone|42.50|Audio Video
AV8899|Compact DVD Player|35.00|Audio Video
GM5566|Arcade Fighting Stick|115.00|Games
PW4044|Smart Plug with Energy Monitor|12.99|Electronics
AV9900|Bookshelf Stereo Speakers|110.00|Audio Video